user_id,body
10,Configurable reciprocal migration
2,Optimized foreground attitude
9,Future-proofed homogeneous approach
5,Enterprise-wide web-enabled service-desk
9,Upgradable scalable utilisation
2,Operative didactic portal
6,Distributed interactive pricing structure
5,Customizable solution-oriented secured line
3,Down-sized optimal policy
2,Sharable multimedia support
8,Distributed upward-trending infrastructure
9,Intuitive real-time adapter
10,Up-sized 24/7 neural-net
4,Cross-group holistic leverage
3,Business-focused impactful website
3,Networked reciprocal groupware
2,Configurable reciprocal help-desk
6,Reactive asymmetric flexibility
9,Sharable content-based product
3,Cross-platform modular hub
2,Front-line multimedia groupware
6,Polarised real-time synergy
4,Exclusive impactful strategy
2,Reactive directional pricing structure
5,Synchronised dedicated process improvement
3,Business-focused 24 hour protocol
4,Up-sized composite product
4,Reverse-engineered human-resource open system
2,Organized incremental alliance
5,Exclusive bottom-line framework
7,User-centric empowering strategy
8,Reduced needs-based concept
2,Managed analyzing methodology
3,Multi-layered methodical projection
3,Virtual cohesive circuit
7,Virtual reciprocal policy
10,Function-based zero defect capability
3,Robust grid-enabled service-desk
3,Innovative bottom-line time-frame
6,Implemented radical time-frame
10,Distributed grid-enabled focus group
3,Multi-tiered incremental archive
3,Ergonomic context-sensitive initiative
4,Optimized 5th generation parallelism
5,Phased optimal support
6,Digitized full-range monitoring
4,Multi-channelled national budgetary management
3,Visionary hybrid collaboration
5,Realigned global attitude
7,Reduced object-oriented synergy
3,Multi-layered system-worthy core
10,Self-enabling tertiary ability
6,Realigned heuristic toolset
3,Mandatory demand-driven concept
7,Stand-alone non-volatile matrices
10,Mandatory zero defect interface
10,Vision-oriented composite matrices
9,Sharable real-time software
9,Fully-configurable bifurcated matrices
7,Polarised modular synergy
7,Automated foreground projection
4,Public-key even-keeled task-force
7,Progressive upward-trending leverage
7,Realigned tertiary success
8,Streamlined discrete Graphical User Interface
5,Phased 4th generation adapter
1,Pre-emptive analyzing archive
6,Fully-configurable incremental leverage
7,Seamless context-sensitive collaboration
6,Public-key 24 hour process improvement
1,Sharable encompassing protocol
4,Networked grid-enabled functionalities
3,Multi-tiered radical framework
7,Focused transitional intranet
4,Multi-tiered real-time definition
7,Persevering next generation service-desk
2,Cloned transitional website
2,Programmable mobile architecture
6,Function-based executive product
7,Synchronised demand-driven encoding
1,Upgradable logistical capability
9,Organized asymmetric open architecture
10,Balanced regional protocol
2,Team-oriented heuristic help-desk
6,Organic analyzing attitude
4,Inverse eco-centric groupware
10,Cross-platform grid-enabled leverage
6,Realigned system-worthy contingency
9,Profit-focused mission-critical middleware
5,Reduced non-volatile migration
5,Public-key human-resource data-warehouse
2,De-engineered hybrid collaboration
7,Sharable encompassing solution
10,Synergistic upward-trending complexity
9,Face to face intermediate array
8,Distributed tangible help-desk
2,Up-sized tangible instruction set
6,Self-enabling stable forecast
2,Customer-focused analyzing forecast
5,Customizable leading edge emulation
